ID,Age,Experience,Income,ZIPCode,Family,CCAvg,Education,Mortgage,PersonalLoan,SecuritiesAccount,CDAccount,Online,CreditCard
1,25,1,49,91107,4,1.6,1,0,0,1,0,0,0
439,58,32,113,93943,2,3.8,2,119,1,0,1,1,1
440,47,23,29,94304,4,0.6,1,0,0,0,0,1,0
441,64,39,59,92626,2,1.5,1,139,0,0,0,1,0
442,52,27,43,93555,1,1.3,2,0,0,1,0,1,0
443,58,28,122,95136,1,3,3,115,1,0,0,1,0
444,48,24,29,90509,1,1,1,0,0,0,0,0,0
445,64,40,91,93106,2,0,3,0,0,0,0,1,1
446,58,32,65,94590,3,2.2,3,0,0,0,0,1,0
447,47,23,22,93108,1,1,1,0,0,0,0,0,1
448,49,23,71,95134,1,1.4,3,0,0,0,0,0,0
449,31,4,60,94588,4,2,2,0,0,0,0,1,1
450,61,37,60,91706,3,2,3,0,0,0,0,1,0
451,51,25,69,95747,1,0.3,1,0,0,0,0,1,1
452,28,-2,48,94132,2,1.75,3,89,0,0,0,1,0
453,39,13,21,94022,3,0.2,2,0,0,0,0,0,0
454,54,28,53,92109,4,2.8,2,0,0,1,0,0,0
455,50,24,29,94110,3,0.9,3,0,0,0,0,0,0
456,30,4,60,91107,4,2.2,2,0,0,0,0,1,0
457,64,39,42,92068,3,0.5,2,116,0,0,0,1,0
458,29,3,69,94303,3,0.3,3,0,0,0,0,0,0
459,48,24,20,95841,1,1,1,0,0,0,0,1,1
460,35,10,200,91107,2,3,1,458,0,0,0,0,0
461,60,36,141,90277,2,2.1,1,0,0,0,0,1,1
462,55,30,81,92123,2,3.7,1,0,0,1,0,0,0
463,29,4,183,91423,3,8.3,3,0,1,0,0,1,0
464,48,22,149,94928,2,5.5,2,0,1,1,1,1,0
465,43,19,83,94305,4,3.6,3,0,1,0,0,0,1
466,66,42,35,94305,1,1.9,2,172,0,0,0,1,0
467,25,0,13,91342,2,0.9,3,0,0,0,0,1,0
468,45,20,39,90232,1,2.4,1,0,0,0,0,0,1
469,34,10,21,92634,1,0.5,3,0,0,0,0,1,0
470,48,23,10,94609,2,0.7,3,0,0,0,0,1,1
471,32,6,84,91006,4,1.8,2,0,0,0,0,0,0
472,50,24,30,91768,4,0.1,1,161,0,0,0,1,1
473,43,19,31,90007,4,0.3,1,156,0,0,0,1,0
474,64,39,182,93955,1,1.2,2,547,1,0,0,1,0
475,60,34,114,90028,2,6.9,1,0,0,0,0,1,0
476,43,19,152,92008,3,6.1,2,0,1,0,0,0,0
477,60,34,53,92717,1,0.8,2,0,0,1,0,0,1
478,64,39,24,95112,4,0.4,2,78,0,0,0,1,0
479,44,20,150,95060,2,3.3,1,0,0,0,0,0,1
480,60,36,132,92154,2,6,1,470,0,0,0,1,1
481,54,29,68,94998,3,1.6,3,0,0,0,0,1,1
482,33,9,53,94063,1,1.2,1,0,0,0,0,0,1
483,56,32,173,94022,1,4.6,2,88,1,0,1,1,0
484,29,5,30,90095,3,1,2,0,0,0,0,0,0
485,25,1,113,95023,2,0.2,1,0,0,0,0,1,1
486,60,34,15,95014,1,0.8,2,0,0,0,0,1,0
487,55,30,84,92173,2,3.7,1,304,0,1,0,1,0
488,39,13,88,94117,4,1.4,2,0,0,0,0,1,1
489,37,13,43,94122,3,2.8,1,0,0,0,0,1,0
490,53,28,43,91380,2,2.1,3,0,0,0,1,1,1
491,34,10,90,94303,2,2.7,1,0,0,0,0,1,0
492,42,18,34,92115,4,0.3,1,104,0,1,0,1,0
493,60,36,38,94596,4,1.3,1,0,0,0,0,1,0
494,50,24,173,94720,1,1,1,0,0,0,0,1,1
495,41,17,160,92647,2,8,1,0,0,0,0,1,0
496,25,0,44,94545,4,0.6,2,0,0,0,0,1,1
497,50,24,83,94301,2,0.4,3,0,0,0,0,1,0
498,48,22,94,90623,4,2.6,3,0,0,0,0,1,0
499,32,8,43,95023,1,2.1,3,0,0,0,0,0,1
500,50,25,42,93108,3,1.7,2,0,0,0,0,1,0
501,59,33,34,92177,2,0.3,1,0,0,0,0,0,0
502,50,26,39,90640,3,1.9,2,0,0,0,0,1,0
503,44,19,70,92833,1,0.1,2,0,0,0,0,0,0
504,31,5,39,94022,4,1.8,3,185,0,0,0,0,1
505,40,10,44,94720,3,2,3,0,0,0,0,1,0
506,36,12,69,94305,3,3.1,2,0,1,0,0,1,0
507,51,25,44,94608,3,0.9,3,0,0,0,0,0,0
508,64,40,32,91380,3,0.1,3,0,0,0,0,1,0
509,47,22,15,95521,2,0.7,3,0,0,0,0,0,0
510,52,28,118,90503,2,6.8,1,112,0,0,0,1,0
511,51,26,62,95136,1,1.3,2,221,0,0,0,1,0
512,31,5,82,94143,4,2.2,2,0,0,0,0,0,0
513,39,14,54,95035,3,3,1,108,0,0,0,0,1
514,30,6,48,94607,1,2.1,3,0,0,0,0,0,0
515,27,1,74,91730,3,0.3,3,0,0,0,0,1,0
516,41,16,113,92780,1,1,3,211,0,0,0,0,1
517,53,27,81,90009,3,1.7,2,0,0,0,0,0,0
518,54,27,43,92834,3,1,2,169,0,0,0,0,0
519,28,4,34,92677,1,1.8,2,0,0,0,0,1,0
520,34,9,48,95616,1,2.5,3,105,0,0,0,1,0
521,61,37,54,90024,4,1.2,2,129,0,0,0,1,1
522,48,24,75,92518,4,1.4,2,0,0,0,0,1,0
523,36,11,72,91007,1,2.8,1,224,0,0,0,0,0
524,56,31,39,93023,4,0.9,1,0,0,0,0,0,0
525,24,-1,75,93014,4,0.2,1,0,0,0,0,1,0
526,64,38,79,94024,2,2.8,1,179,0,0,0,0,0
527,26,2,205,93106,1,6.33,1,271,0,0,0,0,1
528,33,8,65,90027,2,0.1,1,89,0,0,0,1,0
529,64,39,122,90089,4,0.2,1,378,1,0,0,1,0
530,39,15,82,95207,1,0.8,2,0,0,0,0,1,0
531,54,30,21,91706,2,0.2,1,0,0,0,0,0,1
532,32,6,50,90401,4,2.1,3,0,0,1,1,1,1
533,62,37,39,94305,2,2.8,1,113,0,0,1,1,1
534,27,2,101,92807,1,1.9,1,0,0,0,0,0,0
535,53,28,41,93117,2,0.6,3,0,0,1,0,0,0
536,51,25,132,94143,1,0.3,1,0,0,0,0,1,0
537,25,-1,43,92173,3,2.4,2,176,0,0,0,1,0
538,44,20,131,90717,1,4.9,3,0,1,0,0,1,0
539,31,5,11,94534,1,0.4,2,76,0,0,0,0,1
540,57,32,21,94720,1,0.3,3,117,0,0,0,0,0
541,25,-1,109,94010,4,2.3,3,314,0,0,0,1,0
542,30,6,141,95014,2,4.33,1,0,0,0,0,0,0
543,40,14,81,94709,3,0.1,1,0,0,0,0,1,0
544,63,38,54,94704,3,2.4,1,90,0,0,0,0,1
545,35,10,164,91614,2,7.8,1,0,0,0,0,1,0
546,43,19,28,94303,4,0.3,1,87,0,0,0,0,0
547,27,2,68,94025,3,2.6,3,203,0,1,0,0,0
548,44,14,44,94132,3,2,3,180,0,1,1,1,1
549,49,23,61,94117,1,1.4,3,0,0,0,0,1,1
550,61,36,35,94110,3,1.3,2,0,0,0,0,0,1
551,60,34,54,94301,3,0.3,2,0,0,0,0,1,1
552,59,34,14,93118,1,0.1,1,0,0,0,0,1,1
553,28,3,52,90024,4,2.2,1,230,0,0,0,1,0
554,52,28,101,91330,2,0.3,1,0,0,0,0,0,0
555,28,2,149,94720,2,7.2,1,0,0,0,0,1,0
556,34,8,35,92037,4,0.8,1,137,0,0,1,1,1
557,60,34,21,93105,3,0.3,3,129,0,0,0,1,0
558,39,15,118,95039,2,1.9,1,0,0,0,0,0,1
559,30,5,38,95064,4,2,2,0,0,1,0,0,0
560,49,25,24,95818,4,0.2,1,138,0,0,0,1,0
561,43,18,59,93943,1,3.7,3,0,0,0,0,1,0
562,63,33,41,94234,4,1.67,3,0,0,0,0,1,0
563,28,3,85,94035,1,0.8,2,0,0,0,0,1,1
564,51,27,12,94608,4,1,1,0,0,0,0,1,0
565,33,7,32,94904,1,0.6,3,152,0,0,0,0,0
566,55,29,79,90210,3,0.8,1,0,0,0,0,1,0
567,53,28,175,95060,3,3.6,3,0,1,0,1,1,1
568,34,8,28,95112,3,0.9,1,0,0,0,0,0,0
569,34,9,41,92101,2,0.1,1,161,0,0,0,1,1
570,40,14,70,95136,3,2.1,1,185,0,0,0,0,0
571,49,25,161,94928,3,6.5,2,485,1,1,1,0,0
572,35,9,53,94143,4,2.2,2,0,0,0,0,1,0
573,39,15,128,92333,1,3.4,1,0,0,0,0,0,0
574,55,28,50,95020,3,1,2,0,0,0,0,1,1
575,29,5,80,94709,2,2,2,0,0,0,0,1,1
576,54,30,93,91107,1,2.7,2,0,0,0,0,1,0
577,25,-1,48,92870,3,0.3,3,0,0,0,0,0,1
578,52,28,149,94043,2,6.8,1,0,0,0,0,1,0
579,46,19,49,92124,3,2.5,2,0,0,0,0,1,1
580,57,33,88,93524,1,2.7,2,0,0,0,0,1,0
581,52,22,22,90049,4,0.4,3,0,0,0,0,1,1
582,28,3,55,94521,4,2.2,1,0,0,0,0,1,1
583,44,18,72,95678,1,0.7,3,155,0,0,0,0,0
584,24,-1,38,95045,2,1.7,2,0,0,0,0,1,0
585,40,16,114,91604,1,3.4,1,300,0,0,0,1,0
586,34,4,83,92653,4,4,3,0,0,0,0,1,0
587,39,14,101,94305,2,0.4,1,0,0,0,0,1,1
588,50,24,94,93305,1,4.9,1,272,0,0,0,1,0
589,41,17,40,93117,2,2.5,1,0,0,0,1,1,1
590,31,7,128,92821,1,6,1,0,0,0,0,0,0
591,29,3,39,94612,4,2.1,3,0,0,0,0,1,0
592,30,5,51,92037,1,1,1,0,0,0,0,1,0
593,44,20,79,95051,4,2,3,0,0,1,1,1,1
594,33,7,48,90025,4,2.2,2,0,0,0,0,1,0
595,50,26,85,94143,1,0,1,144,0,0,0,0,0
596,42,18,41,92121,1,1.8,1,94,0,0,0,1,0
597,48,22,152,94022,1,3.5,3,0,1,0,0,1,0
598,24,-2,125,92835,2,7.2,1,0,0,1,0,0,1
599,56,31,11,92374,2,0.2,3,90,0,0,0,0,0
600,28,4,103,94720,2,2.5,1,0,0,0,0,1,1
601,56,30,141,94143,2,0.5,1,0,0,0,0,1,0
602,58,32,38,91320,1,1.4,1,0,0,0,0,1,1
603,29,5,135,95035,2,0.6,1,0,0,0,0,0,0
604,63,38,28,94720,2,0.5,2,89,0,0,0,1,0
605,28,3,70,90245,4,2.2,1,240,0,0,0,0,1
606,57,31,41,91330,1,0.2,1,0,0,0,0,1,1
607,34,8,81,91741,3,0.9,2,208,0,0,0,1,0
608,28,3,170,95014,1,0.1,3,0,1,0,0,0,0
609,27,2,55,91910,4,1.7,2,0,0,0,0,1,0
610,37,11,24,91770,4,1.5,3,0,0,0,0,0,0
611,52,28,81,94132,3,1.8,2,275,0,0,0,0,0
612,49,23,32,94701,4,1.8,1,83,0,0,0,0,0
613,65,40,129,90095,1,1.3,1,0,0,0,0,1,1
614,60,35,108,94904,1,0.9,1,0,0,1,0,0,0
615,37,12,180,90034,1,8.6,1,0,0,0,0,1,1
616,63,37,139,93943,2,6.9,1,0,0,0,0,0,0
617,40,14,33,94025,2,1.4,3,0,0,0,0,1,1
618,46,20,74,94024,4,2.6,3,0,0,0,0,1,0
619,63,37,42,91320,2,0.7,3,115,0,0,0,1,0
620,57,27,73,93106,1,3,3,0,0,0,0,0,0
621,33,8,115,91129,4,2.9,2,0,1,0,0,1,0
622,41,17,114,91125,2,1.8,2,0,0,0,0,1,0
623,41,17,92,93555,2,1.9,1,131,0,0,0,1,0
624,44,19,34,95616,1,0.3,3,78,0,0,0,1,0
625,33,6,54,92821,2,1.67,2,122,0,0,0,1,0
626,52,28,64,95605,2,1,3,211,0,0,0,1,0
627,30,6,42,94305,1,0.2,3,100,0,0,0,0,1
628,45,19,70,92677,3,2.1,1,0,0,0,0,1,0
629,49,24,51,90071,1,1.3,2,0,0,0,0,0,0
630,45,19,71,91711,4,2.9,1,218,0,0,1,1,1
631,32,7,35,96651,3,1.3,1,108,0,0,0,0,1
632,45,18,40,94960,3,1,2,0,0,0,0,1,0
633,57,32,165,94720,4,2.7,3,0,1,0,0,1,0
634,61,31,18,94583,1,1.5,3,0,0,0,0,1,1
635,57,31,32,90034,3,1.4,1,0,0,1,1,1,1
636,60,35,35,90509,3,0.2,1,169,0,0,0,1,0
637,40,16,120,92037,2,6.1,1,196,0,0,0,1,0
638,53,28,31,90245,4,0.1,3,0,0,0,0,1,0
639,42,16,35,92054,3,1.5,1,0,0,0,0,0,0
640,62,36,32,92646,2,0.2,3,0,0,0,0,1,1
641,43,18,85,94960,1,3.7,3,327,0,1,0,1,0
642,35,10,139,95060,2,7.8,1,0,0,0,0,0,0
643,50,24,103,94132,1,0.3,1,0,0,0,0,1,0
644,45,21,152,91902,2,1.4,1,0,0,0,0,1,0
645,52,27,33,92121,2,2,2,0,0,0,0,1,0
646,35,9,84,95120,4,2.2,2,322,0,0,0,0,0
647,58,33,61,90033,4,1.7,1,0,0,0,0,0,0
648,62,38,64,95064,4,2.2,1,123,0,1,1,1,1
649,50,25,34,95621,1,1.3,2,0,0,0,0,1,0
650,25,-1,82,92677,4,2.1,3,0,0,0,0,1,0
651,47,22,122,90037,1,5.1,3,163,1,1,0,0,0
652,28,4,58,92121,3,1.5,1,131,0,0,0,0,0
653,34,9,92,90005,1,2.8,1,0,0,0,0,1,0
654,49,23,78,92691,2,2.4,2,205,0,0,0,0,1
2549,48,24,80,91343,1,2.7,1,0,0,0,0,1,0
2550,41,15,63,95060,1,0.7,3,79,0,0,0,0,1
2551,32,8,20,93106,1,0.5,3,102,0,0,0,1,0
2552,46,22,43,92120,2,2.1,3,0,0,1,1,1,1
2553,39,15,65,95822,1,1.5,3,0,0,0,0,0,0
2554,39,15,91,93907,2,1.7,2,151,0,0,0,0,0
2555,63,39,53,93940,1,0.8,1,0,0,0,0,0,0
2556,58,32,110,94143,3,1.7,2,0,0,0,0,0,0
2557,28,4,82,92831,3,1.5,1,103,0,0,0,1,0
2558,36,11,23,94553,4,0.2,3,0,0,0,0,1,0
2559,43,19,172,95136,2,6.67,1,0,0,0,0,1,0
2560,36,12,88,90212,2,2.7,1,0,0,0,0,1,0
2561,44,18,71,93943,2,0.8,3,0,0,0,0,1,0
2562,31,5,180,94720,1,2.9,3,144,1,1,0,0,0
2563,45,21,39,92521,2,2.1,3,184,0,0,0,0,1
2564,39,13,94,90401,1,1.5,3,0,0,0,0,0,1
2565,43,16,25,94126,3,1,2,0,0,0,0,1,0
2566,40,15,10,94708,2,0,3,102,0,0,0,1,0
2567,30,5,42,94305,1,1,1,184,0,0,0,0,0
2568,58,33,142,92333,2,3.9,1,0,0,0,0,0,1
2569,46,21,34,92373,2,1.3,1,0,0,0,0,1,0
2570,35,10,139,90024,1,4.6,1,0,0,0,0,0,0
2571,30,4,154,95621,2,4.5,1,207,0,0,0,1,0
2572,34,8,40,91768,2,2,3,89,0,0,0,0,0
2573,62,32,33,93907,1,1.5,3,140,0,0,0,1,1
2574,58,34,80,90095,2,1.6,1,0,0,0,0,1,1
2575,45,18,10,92037,3,0.67,2,100,0,0,0,1,0
2576,42,16,41,90401,3,0.5,3,0,0,0,0,1,0
2577,60,36,30,93711,4,1.3,1,118,0,0,0,1,1
2578,55,29,78,95521,1,0.8,3,190,0,0,0,1,0
2579,45,21,164,90638,1,5,1,0,0,0,0,0,1
2580,52,27,23,92780,1,0.4,3,0,0,0,0,0,0
2581,31,7,149,92624,1,6,1,0,0,0,0,0,0
2582,60,34,25,94132,4,0.7,3,0,0,0,0,1,0
2583,33,9,42,95010,1,2.1,3,0,0,0,0,1,0
2584,37,11,71,91302,1,2.5,1,185,0,0,0,1,1
2585,59,34,114,94606,3,4.2,2,0,1,0,0,1,0
2586,51,26,70,91320,1,2.8,2,0,0,0,0,1,1
2587,47,23,149,92675,4,6.1,1,0,1,0,0,0,1
2588,60,33,55,94998,4,2.5,2,0,0,0,0,1,0
2589,61,36,29,93065,1,1.3,1,0,0,0,0,0,0
2590,64,40,123,90840,1,3.8,1,0,0,0,0,1,1
2591,46,20,152,95814,1,7.4,3,374,1,0,1,1,1
2592,31,7,8,95131,4,0.7,2,0,0,0,0,0,0
2593,57,32,69,94710,4,0.7,1,245,0,0,0,0,0
2594,48,23,161,96003,4,7.9,3,310,1,0,0,0,0
2595,48,23,79,94024,1,0.2,2,0,0,0,0,0,0
2596,35,10,105,92780,1,4.6,1,0,0,0,0,0,0
2597,33,8,39,95032,3,2.3,1,0,0,0,0,0,0
2598,47,23,163,92653,1,5,1,0,0,0,0,0,0
2599,46,20,9,94005,1,0.2,1,0,0,0,0,1,0
2600,44,20,71,91006,4,2,3,0,0,0,0,0,1
2601,42,18,51,92868,3,2.1,3,0,0,0,0,0,0
2602,50,24,32,90277,1,1.4,3,167,0,0,0,0,0
2603,52,26,161,93108,4,4.3,1,0,1,0,1,1,1
2604,53,27,60,90049,1,0.2,1,0,0,0,0,1,0
2605,37,10,35,92521,4,1,2,0,0,0,0,0,0
2606,64,40,41,94305,4,1.2,2,0,0,0,0,1,0
2607,46,22,73,92648,2,1.7,1,216,0,0,0,1,0
2608,57,33,49,94305,4,1.5,1,214,0,1,1,1,1
2609,61,35,79,94024,2,2,1,194,0,0,0,1,1
2610,42,18,120,93407,2,7.5,1,0,0,1,0,0,0
2611,40,16,60,94501,2,3.2,1,0,0,0,0,0,0
2612,33,8,78,95051,3,0.6,2,0,0,0,0,1,0
2613,50,26,40,95138,4,1.1,2,131,0,0,0,0,0
2614,52,26,110,94501,2,5.4,3,204,1,1,1,1,0
2615,35,11,160,92093,4,5.7,3,0,1,1,0,0,0
2616,57,32,68,94542,4,0.7,1,191,0,0,0,1,1
2617,56,31,49,92182,2,1.6,3,103,0,0,0,1,0
2618,44,20,65,92037,2,2.5,1,0,0,0,0,1,0
2619,23,-3,55,92704,3,2.4,2,145,0,0,0,1,0
2620,33,8,62,92093,3,2.3,1,98,0,0,0,0,1
2621,48,22,152,95616,1,0,1,0,0,0,0,0,0
2622,45,18,42,95126,3,2.5,2,0,0,0,0,0,0
2623,54,28,39,90245,4,0.7,2,0,0,0,0,1,0
2624,42,17,111,94304,3,3,1,0,1,1,1,0,1
2625,47,21,82,94109,3,2.1,1,0,0,0,0,0,0
2626,61,36,108,93943,4,3.4,2,0,0,0,0,1,0
2627,53,27,59,92038,2,0.8,3,0,0,0,0,1,0
2628,56,30,61,93106,3,2.5,1,193,0,0,0,1,0
2629,33,6,78,95819,4,2,2,0,0,1,0,1,0
2630,44,18,18,93943,2,0.1,3,0,0,0,0,1,0
2631,63,37,113,94611,4,1.7,3,0,0,0,0,1,1
2632,47,20,62,92521,1,2.67,2,0,0,0,0,1,0
2633,50,24,81,94720,1,4.9,1,248,0,0,0,1,0
2634,49,25,13,95054,3,0.4,1,106,0,0,0,1,0
2635,34,9,75,94303,1,2.8,1,194,0,0,0,0,0
2636,40,14,33,95616,2,0.8,3,89,0,0,0,1,0
2637,38,13,179,93943,1,4.1,1,0,0,0,0,1,0
2638,51,26,69,94005,3,2,2,0,0,0,0,1,0
2639,28,4,45,94025,1,1,3,0,0,0,0,1,0
2640,52,26,59,95762,3,3,2,0,0,0,0,1,0
2641,39,13,81,94309,2,2.8,1,0,0,0,0,1,0
2642,29,5,133,90095,1,5.4,1,212,0,0,0,1,0
2643,54,29,81,92096,2,0,3,0,0,0,0,1,0
2644,63,38,14,92630,4,0.4,2,86,0,0,0,1,1
2645,40,14,28,94061,2,0.8,3,0,0,0,0,0,0
2646,36,12,93,95125,2,2.2,1,0,0,0,0,1,0
2647,45,20,191,92007,3,2.6,3,123,1,0,0,0,0
2648,61,37,155,91605,1,2.9,1,0,0,0,0,1,0
2649,26,0,155,93105,2,7.2,1,0,0,0,0,0,0
2650,33,8,68,92407,4,1.3,1,0,0,0,0,1,0
2651,64,40,52,95060,2,1.1,1,226,0,0,0,0,0
2652,43,17,51,94025,1,0.7,3,0,0,0,0,0,0
2653,24,0,44,90089,4,1.6,1,180,0,0,0,1,0
2654,30,5,121,94555,2,3.1,1,408,0,0,0,1,0
2655,60,36,49,94965,4,2.2,1,204,0,1,0,1,0
2656,50,26,42,91784,2,1,3,78,0,1,0,1,0
2657,40,15,144,91040,1,4.1,1,0,0,0,0,0,0
2658,31,6,72,94583,1,2.6,2,0,0,0,0,1,0
2659,30,4,44,94304,1,1.5,1,109,0,0,0,0,0
2660,60,35,43,91763,3,0.9,3,175,0,0,0,0,0
2661,39,14,74,93063,1,0.1,2,144,0,1,0,1,0
2662,66,41,145,90009,1,2.5,1,0,0,0,0,1,0
2663,65,41,158,92346,2,2.1,1,0,0,0,0,0,0
2664,54,28,78,91311,4,4.9,1,0,0,0,0,0,0
2665,54,29,154,95014,1,2.4,2,352,1,0,0,1,0
2666,35,9,105,90064,2,4.5,3,0,0,0,0,0,0
2667,32,7,100,92126,3,0.6,2,0,0,0,0,1,0
2668,63,39,58,94112,1,0,2,0,0,0,0,1,0
2669,60,35,113,94507,1,0.9,1,406,0,0,0,1,0
2670,43,18,10,91902,2,0.1,2,0,0,1,0,0,1
2671,59,33,142,94080,2,2.7,1,0,0,0,0,0,0
2672,62,37,128,92093,1,2.5,1,0,0,0,0,0,0
2673,30,5,131,92068,3,0.5,3,0,1,0,0,0,0
2674,54,30,88,92647,4,1,2,122,0,0,0,1,0
2675,30,6,101,90245,2,0.6,1,0,0,0,0,1,0
2676,31,1,70,92115,2,1.75,3,0,0,0,1,1,1
2677,44,20,122,91765,1,0.3,1,0,0,1,0,1,0
2678,32,8,70,91423,3,1.5,1,0,0,0,0,1,0
2679,63,38,148,93023,2,4.3,3,0,1,0,0,1,0
2680,57,32,43,92704,2,2.1,3,166,0,0,0,1,0
2681,60,30,31,95060,1,1.5,3,0,0,0,0,1,0
2682,37,11,35,94609,2,0.8,3,0,0,0,0,0,0
2683,53,27,81,90032,4,2.6,3,0,0,0,0,1,0
2684,51,25,19,95812,1,1.4,3,98,0,0,0,0,0
2685,30,5,98,92028,4,1.8,3,129,0,1,1,1,1
2686,28,2,101,90280,4,2.1,3,0,0,0,0,1,0
2687,50,24,81,95053,2,0.4,3,0,0,0,0,0,0
2688,52,27,135,93561,1,0.6,1,452,0,0,0,1,0
2689,56,30,34,94542,2,0.7,2,0,0,0,0,1,0
2690,40,16,104,91730,1,3.4,1,249,0,0,0,0,0
2691,64,38,29,90245,3,0.7,2,0,0,0,0,1,0
2692,61,36,119,95064,2,5.4,2,0,1,0,0,1,0
2693,46,20,82,90230,2,1.7,2,0,0,0,0,1,1
2694,55,29,62,90089,1,0.2,1,0,0,0,0,1,0
2695,45,19,85,94720,3,2.1,1,0,0,0,0,1,1
2696,40,15,8,94960,2,0.1,2,0,0,0,0,0,0
2697,63,37,78,91711,4,1.7,3,0,0,0,0,1,0
2698,57,32,44,93407,3,0.5,2,0,0,0,0,1,0
2699,38,14,122,95819,2,8,1,0,0,0,0,1,1
2700,37,11,22,90035,3,0.1,2,114,0,0,0,0,0
2701,31,5,39,94590,4,2.2,2,0,0,0,0,1,1
2702,50,26,55,94305,1,1.6,2,0,0,0,0,1,0
2703,42,18,144,94063,2,6.1,1,158,0,0,0,0,0
2704,51,27,71,92521,1,2.6,2,0,0,0,0,0,1
2705,38,13,191,91710,2,3,1,0,0,0,0,1,0
2706,53,26,22,92831,1,0.5,2,100,0,0,0,1,0
2707,43,17,158,90740,1,2.4,1,0,0,0,0,1,0
2708,35,9,131,90089,3,0.3,3,0,1,0,1,1,1
2709,49,24,75,95670,1,2.8,2,160,0,0,0,0,1
2710,28,4,69,94305,3,0.7,2,170,0,0,0,0,0
2711,51,27,39,94304,2,0.8,1,0,0,0,0,0,0
2712,39,14,34,94939,4,1.7,1,0,0,0,0,1,1
2713,31,7,32,91320,1,1.7,1,0,0,0,0,1,0
2714,44,18,129,92028,1,5.7,1,0,0,0,0,1,0
2715,46,20,158,92870,3,5.4,1,432,1,0,0,0,1
2716,42,18,54,90089,1,1.8,1,0,0,0,0,1,0
2717,41,17,34,92182,1,2,2,0,0,0,0,0,0
2718,23,-2,45,95422,4,0.6,2,0,0,0,0,1,1
2719,59,33,68,95064,2,2.3,3,0,0,1,0,0,0
2720,47,21,53,95929,1,1.5,2,0,0,0,0,1,0
2721,48,23,32,93302,1,0.1,1,0,0,0,0,0,1
2722,58,33,173,92121,2,7.2,3,0,1,0,0,1,0
2723,58,34,31,92126,4,0.4,1,0,0,0,0,0,0
2724,54,29,72,94558,2,3.7,1,144,0,0,0,1,0
2725,49,24,30,90212,4,0.4,2,157,0,0,1,1,1
2726,63,38,138,92675,1,2.5,1,0,0,0,0,1,0
2727,62,37,18,92028,1,1.5,2,127,0,0,0,0,0
2728,45,19,69,90840,1,2.8,1,220,0,0,0,1,1
2729,39,13,58,94555,3,2.1,1,247,0,0,0,1,0
2730,58,34,63,90007,4,1.5,1,0,0,0,0,1,0
2731,56,30,43,90401,2,0.3,1,0,0,1,0,0,0
2732,29,5,28,96651,1,0.2,3,0,0,0,0,1,0
2733,33,9,38,93106,1,2.1,3,133,0,0,0,0,0
2734,55,29,72,93107,3,0.3,2,147,0,0,0,0,0
2735,56,31,64,94126,4,0.9,1,0,0,0,0,1,0
2736,36,12,70,92131,3,2.6,2,165,0,0,0,1,0
2737,53,29,12,95621,1,0.3,1,0,0,0,0,0,0
2738,57,31,159,94577,2,0.5,1,0,0,0,0,0,0
2739,35,9,103,95120,2,4.5,3,0,0,0,0,1,0
2740,43,18,42,91330,1,0.3,3,0,0,0,0,1,0
2741,54,29,48,92182,2,2.1,3,142,0,0,0,1,0
2742,29,3,49,90266,1,1.5,1,0,0,0,0,0,0
2743,39,14,89,95762,2,0.4,1,0,0,0,0,1,0
2744,32,8,22,94583,4,0.7,2,0,0,0,0,1,1
2745,51,27,10,92121,2,0.2,1,86,0,0,0,0,0
2746,50,25,38,95616,1,1.3,2,120,0,0,0,0,1
2747,54,29,49,92703,2,2.1,3,95,0,0,0,1,1
2748,38,12,30,91765,2,1.4,3,0,0,0,0,0,1
2749,32,7,82,94305,1,2.6,2,240,0,0,1,1,1
2750,62,37,82,94086,1,0.8,3,312,0,0,0,1,0
2751,57,33,24,94501,1,0.1,2,0,0,0,0,0,0
2752,47,23,32,92251,4,0.6,1,156,0,0,0,1,1
2753,51,25,34,95819,3,0.9,3,111,0,0,0,1,0
2754,54,27,195,93117,2,4.75,2,477,1,0,0,0,0
2755,26,1,61,93943,4,2.2,1,119,0,0,0,0,0
2756,37,11,22,93711,3,0.1,2,0,0,0,0,1,1
2757,27,0,40,91301,4,1,3,0,0,0,0,1,0
2758,63,38,50,93943,2,2.8,1,205,0,0,0,0,0
2759,62,36,35,94501,2,0.7,3,0,0,1,0,0,1
2760,59,33,64,95617,3,0.3,2,0,0,0,0,0,0
2761,32,7,49,94080,3,2.3,1,0,0,0,0,1,0
2762,35,8,44,95045,4,1,2,192,0,0,0,0,1
2763,56,31,65,93403,2,3.7,1,0,0,0,0,1,0
2764,55,31,13,93943,4,0.7,1,0,0,0,0,1,0
2765,31,5,84,91320,1,2.9,3,105,0,0,0,0,1
2766,54,29,28,92093,4,0.2,2,101,0,0,0,1,0
2767,58,32,108,95123,3,4.4,1,0,0,0,0,1,0
2768,48,24,59,90401,1,0,1,144,0,0,0,1,0
2769,48,22,163,95819,1,2.4,1,396,0,0,0,1,0
2770,33,9,183,91320,2,8.8,3,582,1,0,0,1,0
2771,36,6,69,90024,4,4,3,0,0,0,0,1,0
2772,41,16,115,92333,1,7,1,0,0,0,0,0,0
2773,55,31,130,92646,4,6.5,1,0,1,0,0,0,1
2774,63,37,185,94309,2,7.9,2,358,1,0,0,1,0
2775,53,29,118,94066,2,0.3,1,0,0,0,0,1,0
2776,38,13,163,95039,1,4.1,1,0,0,0,0,0,0
2777,46,20,140,93106,2,6.3,1,380,0,0,0,1,1
2778,59,33,91,94122,2,0.7,2,0,0,0,0,1,1
2779,56,31,61,92646,4,1.3,3,0,0,0,0,1,1
2780,59,35,168,95521,4,4.1,2,0,1,0,0,1,0
2781,39,13,69,90630,3,0.9,2,0,0,0,0,0,0
2782,47,21,22,92037,1,0.2,1,104,0,0,0,0,0
2783,47,22,53,92691,1,0.3,1,213,0,0,0,0,0
2784,53,26,25,92123,2,1,2,0,0,0,1,1,1
2785,36,9,115,91765,4,2.2,2,0,1,0,0,0,0
2786,34,9,31,92521,4,1.1,3,85,0,1,1,1,1
2787,36,10,83,94705,1,2.8,3,0,0,0,0,0,1
2788,60,34,152,92807,2,6.9,1,0,0,0,0,0,0
2789,45,20,30,96003,1,0.1,1,0,0,0,0,1,0
2790,27,3,34,90065,1,0.2,3,0,0,0,0,1,1
2791,47,22,44,95821,1,1.4,3,0,0,0,0,1,1
2792,44,20,182,94710,2,7.6,1,0,0,0,0,0,0
2793,54,30,44,95616,3,1.5,1,117,0,0,0,1,0
2794,57,33,122,94301,2,6,1,153,0,1,1,1,1
2795,52,26,35,94550,4,1.8,1,0,0,0,0,1,0
2796,51,25,91,92407,1,0.8,3,0,0,0,0,0,0
2797,57,32,30,94024,2,2,2,0,0,0,0,0,0
2798,65,39,53,94608,1,2.5,3,0,0,0,0,1,0
2799,58,33,28,94720,1,0.3,3,0,0,0,0,1,0
2800,64,39,85,94720,4,3.4,2,200,0,0,0,1,0
2801,52,26,28,93907,2,0.7,2,90,0,0,0,1,1
2802,58,34,41,91016,4,0.4,1,177,0,0,0,1,0
2803,52,22,154,90650,1,5,3,0,1,1,1,1,0
2804,43,18,41,92831,1,0.3,3,0,0,0,0,1,0
2805,56,32,33,95014,3,1.5,1,0,0,0,0,0,0
2806,37,12,182,94523,3,5.8,3,0,1,0,0,1,0
2807,53,27,59,90740,2,0.8,3,0,0,0,0,1,0
2808,27,2,129,90009,2,3.3,1,0,0,1,0,0,0
2809,53,27,35,94583,3,0.9,3,136,0,0,0,1,0
2810,42,16,185,94705,3,2.2,2,0,1,1,1,1,1
2811,58,34,45,93943,4,1.3,2,201,0,0,0,0,0
2812,36,12,62,94065,4,0.1,2,145,0,0,0,0,0
2813,53,28,183,96008,3,8.2,3,467,1,0,1,1,1
2814,48,22,14,94303,2,0.1,3,0,0,0,0,1,0
2815,54,28,53,94002,1,2.2,3,0,0,0,0,1,1
2816,26,1,48,94019,3,2.6,3,169,0,0,0,0,0
2817,50,26,128,92780,2,0.4,1,0,0,0,0,1,0
2818,31,7,105,94025,1,4,1,331,0,0,0,1,0
2819,35,9,40,93943,3,0.9,1,0,0,0,0,1,1
2820,63,37,10,90095,2,0.4,1,0,0,0,0,1,0
2821,29,4,102,90245,2,3.3,1,303,0,0,0,0,0
2822,57,32,31,94143,3,0.1,2,0,0,0,0,1,0
2823,30,5,30,90245,4,0.8,1,158,0,0,0,1,0
2824,33,7,21,90095,1,0.6,3,0,0,1,0,0,0
2825,62,36,44,92867,2,0.3,1,0,0,0,0,0,0
2826,35,10,48,95060,1,2.5,3,164,0,0,0,1,0
2827,37,11,21,94604,3,0.2,2,0,0,0,0,1,0
2828,37,11,84,90266,4,2.2,2,0,0,0,0,1,1
2829,35,10,64,94306,3,0.7,2,230,0,0,0,1,0
2830,35,9,82,94720,1,2.5,1,138,0,0,0,0,0
2831,59,35,39,95616,4,1.3,1,0,0,0,0,1,0
2832,53,27,45,90405,2,0.8,3,0,0,0,0,1,1
2833,45,21,133,92056,4,5.7,3,0,1,0,1,1,1
2834,46,22,152,90009,2,1.4,1,0,0,0,0,1,0
2835,40,16,12,90033,1,1,1,91,0,1,0,0,0
2836,42,16,32,94112,3,1.5,1,149,0,0,0,1,0
2837,25,1,74,94085,4,2.6,1,204,0,0,0,0,0
2838,39,14,54,92037,2,1.1,2,159,0,0,0,0,1
2839,30,6,181,94542,3,4.1,2,0,1,0,1,1,1
2840,58,33,75,90034,2,0,3,0,0,0,0,1,0
2841,41,15,95,91101,3,0.1,1,240,0,1,0,0,0
2842,37,11,190,94305,4,7.3,2,565,1,0,1,1,0
2843,36,11,90,94709,1,2.8,1,0,0,0,0,1,0
2844,27,3,20,95616,4,1,1,134,0,0,0,1,1
2845,60,34,64,95014,3,2.2,3,0,0,0,0,0,0
2846,62,36,85,90019,2,1.7,3,98,0,0,0,0,0
2847,67,43,105,93711,4,1.7,2,0,0,0,0,1,0
2848,44,18,21,90840,1,0.2,1,0,0,0,0,1,0
2849,24,-1,78,94720,2,1.8,2,0,0,0,0,0,0
2850,45,21,158,94085,2,6.67,1,132,0,0,0,1,1
2851,58,34,125,94720,1,4.3,1,219,0,0,0,0,0
2852,61,36,81,95449,3,1.8,2,0,0,0,0,1,0
2853,54,29,183,93105,1,8.1,1,0,0,0,0,1,1
2854,28,3,54,94550,4,0.6,2,0,0,0,0,1,0
2855,49,24,79,94025,4,3.6,3,212,0,0,0,1,0
2856,35,11,38,91706,1,1.5,2,136,0,0,0,1,0
2857,36,10,172,94704,4,1,2,295,1,0,0,1,0
2858,34,8,184,93106,3,7.5,1,0,1,0,0,0,0
2859,36,11,158,95054,2,7.8,1,114,0,0,0,1,1
2860,35,11,188,94596,1,0.9,3,282,1,0,0,1,0
2861,27,2,20,95064,4,0.5,3,0,0,0,0,1,0
2862,42,18,60,92677,4,0.2,3,151,0,0,0,0,1
2863,65,39,113,92096,4,2.4,3,0,0,0,0,1,0
2864,29,5,70,93101,4,0,1,0,0,0,0,1,1
2865,65,41,84,95762,2,0,3,0,0,0,0,1,1
2866,59,33,23,94002,2,0.2,3,0,0,0,0,1,0
2867,46,22,141,90089,2,3.3,1,0,0,1,1,1,1
2868,59,33,110,90007,3,4.4,1,264,0,0,0,1,0
2869,52,26,31,94923,4,1.8,1,0,0,0,0,1,1
2870,60,35,22,92660,1,1.3,1,80,0,0,0,0,0
2871,43,17,91,95134,1,5.2,1,0,0,1,0,0,0
2872,65,39,82,94131,4,2.4,3,252,0,0,0,1,0
2873,50,26,23,92630,1,0.3,1,0,0,0,0,0,0
2874,48,23,35,93943,1,0.1,1,0,0,1,0,1,0
2875,49,25,114,91380,1,2.5,3,0,1,0,0,1,0
2876,58,33,18,94402,3,0.1,2,0,0,0,0,1,1
2877,24,-2,80,91107,2,1.6,3,238,0,0,0,0,0
2878,58,32,74,95817,2,2.3,3,0,0,0,0,0,1
2879,45,19,122,94590,4,4.1,2,0,1,0,0,1,0
2880,42,15,73,94545,3,2.33,2,0,0,0,0,0,0
2881,64,40,40,96064,2,1.1,1,0,0,0,0,1,0
2882,49,25,55,92103,4,0.1,3,0,0,0,0,1,0
2883,55,31,69,90089,1,2.7,2,0,0,1,0,0,1
2884,40,14,92,90024,4,1.4,2,0,0,0,0,1,0
2885,28,2,48,93943,4,2.1,3,0,0,0,0,1,1
2886,57,31,113,91711,4,0.6,3,327,1,0,0,1,0
2887,50,25,58,93940,1,1.3,2,0,0,0,0,1,0
2888,40,16,109,94025,2,2.2,1,0,0,0,0,1,0
2889,55,28,39,94542,3,1,2,0,0,0,0,1,1
2890,53,29,33,94591,3,1.9,2,144,0,0,0,0,0
2891,48,24,18,94304,4,0.2,1,0,0,0,0,1,1
2892,59,33,63,90044,1,1.6,1,0,0,0,0,1,1
2893,58,32,43,92093,1,2.8,2,0,0,0,0,1,0
2894,38,14,70,94022,4,2,3,0,0,0,0,1,0
2895,49,25,19,94545,1,0.9,3,0,0,0,0,0,0
2896,60,36,39,94501,4,1.3,2,140,0,0,0,1,0
2897,54,28,81,94720,3,0.8,1,0,0,0,0,0,0
2898,28,2,34,92161,4,1.3,3,0,0,0,0,0,0
2899,27,1,140,91711,1,5.9,2,175,1,1,1,1,0
2900,42,18,114,94305,1,0.3,1,0,0,0,0,0,0
2901,52,28,55,91320,2,3.2,3,151,0,0,0,0,0
2902,54,30,21,95351,1,0.1,2,76,0,0,0,1,0
2903,56,30,50,94022,4,2.8,2,0,0,1,0,1,0
2904,58,34,41,95833,3,1.5,1,0,0,0,0,1,1
2905,56,32,190,90032,3,2.2,1,0,1,0,1,1,0
2906,64,40,8,94110,2,0.3,3,0,0,0,0,1,0
2907,35,8,55,92870,2,1.67,2,0,0,0,0,1,0
2908,45,20,40,91763,2,1.3,1,0,0,0,0,0,1
2909,57,32,22,95616,3,0.1,2,0,0,0,0,1,0
2910,35,8,44,94590,2,1.67,2,0,0,1,0,0,1
2911,46,22,102,95039,3,4.5,3,0,1,0,0,1,0
2912,30,4,54,93033,4,1.8,3,235,0,0,0,1,0
2913,44,20,130,90291,4,3.2,2,0,1,0,0,0,0
2914,39,12,75,94501,3,2.33,2,0,0,0,0,1,1
2915,42,18,42,95929,2,1.7,1,0,0,0,0,1,0
2916,34,9,133,92110,1,3.8,1,0,0,0,0,1,0
2917,46,20,40,92037,1,1.2,2,0,0,0,0,1,0
2918,55,31,34,94305,3,1.5,1,101,0,0,0,1,0
2919,28,3,142,93727,1,0.8,1,0,0,0,0,1,0
2920,35,10,64,94542,3,2.3,1,0,0,0,1,1,1
2921,60,35,44,94720,2,1.6,3,170,0,0,0,1,0
2922,50,24,95,91401,1,0.3,1,262,0,0,0,1,0
2923,52,26,49,90011,1,1.4,3,0,0,0,0,1,0
2924,51,27,12,91007,2,0.2,1,0,0,0,0,0,0
2925,51,26,98,90024,1,1.3,3,0,0,0,0,1,1
2926,59,35,42,91711,4,0.4,1,0,0,0,0,1,0
2927,53,28,44,92152,2,0.6,3,0,0,0,0,1,1
2928,43,17,124,94117,1,5.2,1,0,0,0,0,0,0
2929,31,6,175,95005,2,6.7,1,0,0,0,0,1,0
2930,32,6,22,94061,4,0.3,1,0,0,0,0,0,0
2931,41,17,78,95929,4,2.67,1,99,0,0,0,1,0
2932,31,4,54,91741,2,1,2,109,0,0,0,0,1
2933,41,16,154,92407,1,7,1,0,0,0,0,0,1
2934,47,22,42,95820,3,2.7,2,0,0,0,0,1,0
2935,37,13,195,91763,2,6.5,1,635,0,0,0,1,0
2936,53,23,80,93023,1,3,3,0,0,0,0,1,1
2937,49,22,81,94301,3,2,2,0,0,0,0,1,0
2938,62,36,89,94022,2,2,1,0,0,0,0,1,1
2939,33,9,61,93943,3,2.6,2,0,0,0,0,1,0
2940,54,24,25,90016,4,0.4,3,0,0,0,0,0,1
2941,27,3,43,90245,3,0.1,2,163,0,0,0,1,0
2942,60,35,122,92606,1,2.6,1,352,0,0,0,0,0
2943,29,5,160,90405,1,4.3,1,385,0,0,0,1,0
2944,56,32,83,91320,4,1.6,2,0,0,0,0,0,0
2945,55,30,79,92182,2,0,3,0,0,0,0,0,0
2946,45,19,30,94305,3,0.5,2,0,0,0,0,1,1
2947,33,9,145,94110,1,4.3,1,437,0,0,0,1,0
2948,45,21,151,90024,2,3.3,1,328,0,0,0,0,0
2949,44,18,14,94720,2,0.1,3,98,0,0,0,0,1
2950,37,11,19,95054,3,0.2,2,0,0,0,0,1,0
2951,42,16,55,95820,1,0.7,3,135,0,0,0,1,0
2952,26,2,132,94720,2,2.4,3,0,1,0,0,0,1
2953,33,8,182,94065,1,8.6,1,0,0,0,0,0,0
2954,61,36,78,91330,3,0.5,1,0,0,0,0,1,1
2955,31,7,42,95822,1,2.4,2,0,0,0,0,1,1
2956,54,29,44,95518,2,2.3,3,187,0,0,0,1,0
2957,62,38,195,91125,4,5.2,3,522,1,0,1,1,1
2958,61,36,53,92717,3,0.5,2,0,0,0,0,1,0
2959,66,41,65,92612,3,2.4,1,0,0,0,0,0,0
2960,38,12,43,94305,4,0.2,1,0,0,0,0,0,0
2961,55,29,38,90035,4,1.5,3,0,0,0,0,0,1
2962,60,36,50,95741,1,1.8,3,0,0,0,0,1,0
2963,23,-2,81,91711,2,1.8,2,0,0,0,0,0,0
2964,29,3,41,94588,1,1.9,3,0,0,0,0,1,1
2965,35,10,73,93943,3,2.3,1,0,0,0,0,1,0
2966,53,27,31,91605,2,0.4,3,104,0,0,0,0,1
2967,32,7,84,91320,3,0.6,2,0,0,0,0,1,1
2968,38,14,95,94109,2,1.9,1,0,0,0,0,1,1
2969,44,18,162,90840,4,1.3,1,301,1,0,0,0,0
2970,43,18,60,95039,2,2.2,3,115,0,0,0,0,0
2971,54,30,121,95039,2,1.1,3,0,1,1,0,0,0
2972,52,25,43,91380,3,1,2,165,0,0,1,1,1
2973,31,7,38,92182,1,1.8,2,182,0,0,1,1,1
2974,47,22,82,92084,1,2.9,1,276,0,0,0,1,0
2975,42,18,52,95008,4,1.9,1,0,0,0,0,1,0
2976,57,33,43,91016,3,1.5,1,168,0,0,0,0,1
2977,33,8,82,95747,1,2.6,2,0,0,1,1,1,1
2978,35,10,161,94109,1,4.1,1,0,0,1,0,1,0
2979,56,30,24,94550,2,0.7,2,0,0,0,0,1,0
2980,57,32,102,90210,1,2.6,1,0,0,0,0,1,0
2981,25,-1,53,94305,3,2.4,2,0,0,0,0,0,0
2982,53,28,85,92037,1,1.2,1,0,0,0,0,0,0
2983,59,33,111,95120,3,4.4,1,0,0,0,0,1,0
2984,56,32,90,95054,2,0.3,1,0,0,0,0,1,1
2985,54,28,94,92709,2,1.1,1,188,0,0,0,0,0
2986,48,23,63,94606,4,3.6,3,0,0,0,0,0,0
2987,55,30,153,94305,2,2.8,2,0,1,1,1,1,0
2988,33,7,39,92037,2,2,3,0,0,0,0,0,0
2989,46,21,205,95762,2,8.8,1,181,0,1,0,1,0
2990,42,18,142,93106,1,3.4,1,496,0,0,0,1,0
2991,49,25,163,94608,2,0.4,1,0,0,1,0,0,0
2992,42,17,113,93014,3,1,1,0,0,1,0,1,0
2993,46,21,64,92104,1,2.9,1,0,0,0,0,1,1
2994,65,40,20,92647,3,0.1,3,0,0,0,0,0,1
2995,50,24,179,94025,1,1,1,0,0,0,0,1,0
2996,54,24,91,91101,2,4.5,3,90,0,0,0,1,0
2997,42,18,103,91367,1,3.33,1,0,1,1,1,1,1
2998,57,33,80,95053,4,1.6,2,0,0,0,0,0,0
2999,61,35,38,93106,2,0.3,1,0,0,0,0,0,0
3000,60,34,44,94143,1,0.2,1,0,0,0,0,0,1
3001,40,14,164,94720,1,4.3,2,0,1,0,0,0,0
3002,33,7,81,92647,3,1.6,1,0,0,0,0,1,1
3003,37,13,95,90095,2,1.7,2,83,0,0,0,0,0
3004,52,28,44,90747,3,1.9,2,0,0,0,0,0,1
3005,33,7,88,94583,3,1.6,1,0,0,0,0,1,1
3006,62,36,148,94111,3,7,2,0,1,0,0,1,0
3007,62,37,169,95014,3,5,2,184,1,0,1,1,1
3008,63,37,11,91711,1,0.8,2,102,0,0,0,0,1
3009,55,25,92,94550,1,3,3,158,0,0,0,0,1
3010,33,9,74,92120,3,2.6,2,0,0,0,0,1,0
3011,25,1,72,94301,3,0.8,1,0,0,0,0,1,0
3012,55,31,63,95616,3,2.67,1,0,0,0,0,1,0
3013,29,3,172,92373,2,4.5,1,415,0,0,0,1,0
3014,45,21,183,90029,2,1.4,1,0,0,0,0,1,1
3015,60,34,40,91311,1,2.5,3,166,0,0,0,1,0
3016,44,18,68,92673,4,2.9,1,0,0,1,0,0,1
3017,48,23,78,91423,4,3.6,3,0,0,0,0,1,0
3018,57,32,68,90041,2,3.7,1,184,0,0,0,0,0
3019,58,32,49,94005,1,1.4,1,99,0,0,0,1,1
3020,58,33,39,94132,2,2.3,3,0,0,0,0,1,0
3021,44,20,151,95193,1,3.5,1,392,0,0,0,1,0
3022,54,28,159,90245,2,0.5,1,461,0,0,0,1,0
3023,59,33,89,94608,4,1.9,2,0,0,0,0,1,1
3024,63,37,105,92694,4,1.7,3,244,0,0,0,0,1
3025,61,35,78,90840,2,2,1,0,0,0,0,1,1
3026,58,32,128,94609,2,2.7,1,344,0,0,0,0,0
3027,44,20,81,90254,4,0.8,1,228,0,0,0,0,1
3028,53,29,50,93305,4,0.1,3,152,0,0,0,1,0
3029,63,39,38,92624,3,0.1,3,178,0,0,0,1,1
3030,41,17,119,94960,2,6.1,1,263,0,1,0,1,0
3031,50,26,110,94509,3,1.8,2,0,0,0,0,1,0
3032,51,25,29,90212,1,1.4,3,102,0,0,0,0,1
3033,47,22,19,94590,1,0.4,3,0,0,0,0,1,0
3034,43,19,130,90630,2,4.7,3,221,1,0,0,0,1
3035,46,21,38,90024,1,2.4,1,130,0,0,0,1,0
3036,50,24,31,95054,1,0.3,3,0,0,0,0,0,0
3037,33,9,14,91320,4,0.7,2,105,0,0,0,1,0
3038,27,2,158,95060,3,0.4,2,0,1,0,1,1,0
3039,34,8,39,92124,4,0.2,1,115,0,0,0,1,0
3040,34,9,141,95616,2,4.9,3,0,1,0,0,0,1
3041,28,2,33,95814,3,1,1,167,0,0,0,1,0
3042,29,5,92,95006,2,0.6,1,0,0,0,0,1,0
3043,52,26,78,94301,3,3,2,0,0,0,0,0,0
3044,47,22,42,91754,3,2.7,2,0,0,0,0,1,1
3045,41,16,15,94124,2,0.3,2,83,0,0,0,0,0
3046,58,32,48,91768,1,2.8,2,0,0,0,0,1,0
3047,37,12,63,95630,3,2.3,1,0,0,0,0,1,0
3048,57,33,149,95060,1,4.7,1,0,0,1,0,0,0
3049,63,39,49,90275,1,0.8,1,103,0,0,0,1,0
3050,60,35,125,94720,2,3.9,1,0,0,0,0,0,0
3051,50,25,58,92131,1,1.3,2,0,0,0,0,1,0
3052,60,35,48,94538,3,1.5,1,0,0,0,0,1,0
3053,54,30,75,94720,2,3.2,3,0,0,0,0,0,1
3054,28,4,114,92521,2,0.2,1,0,0,0,0,1,0
3055,45,21,134,92697,4,5.5,2,0,1,0,1,1,1
3056,28,2,111,94305,4,2.3,3,0,0,0,0,1,0
3057,54,29,62,94301,4,3.8,2,149,0,0,0,1,0
3058,42,18,45,95616,1,0.7,1,0,0,1,0,1,0
3059,30,4,113,90064,2,0.2,1,0,0,0,0,1,0
3060,61,36,128,94550,1,2.6,1,0,0,0,0,1,0
3061,64,38,168,94061,4,5.7,3,0,1,0,0,1,0
3062,38,13,81,90095,1,4,3,206,0,1,0,1,0
3063,39,14,75,92521,1,0.1,2,297,0,0,0,0,1
3064,54,29,21,95841,4,0.1,3,0,0,0,0,0,0
3065,59,33,83,94701,3,4.4,1,0,0,0,0,1,0
3066,39,15,121,92354,1,3.5,1,368,0,1,0,1,0
3067,63,33,40,91320,4,1.67,3,0,0,0,0,1,0
3068,31,5,101,94501,1,2.9,3,170,0,1,0,0,0
3069,56,26,90,92120,2,4.5,3,0,0,0,0,0,0
3070,47,20,68,91320,1,2.67,2,0,0,0,0,1,1
3071,28,3,74,91330,2,1.8,2,221,0,1,0,0,0
3072,32,8,74,93023,4,0.1,2,257,0,0,0,0,1
3073,54,30,51,92821,2,3.2,3,0,0,0,0,0,0
3074,29,5,149,94611,1,1.5,1,0,0,0,0,1,0
3075,39,15,31,95039,1,1.4,3,88,0,0,0,1,1
3076,26,0,85,95616,2,1.6,3,0,0,0,0,0,0
3077,29,-1,62,92672,2,1.75,3,0,0,0,0,0,1
3078,46,21,44,95112,1,0.3,1,110,0,1,0,1,0
3079,38,13,63,92325,3,0.5,3,190,0,1,1,1,1
3080,55,31,23,95616,2,0.3,1,0,0,0,0,1,1
3081,48,22,40,94063,3,2.2,2,87,0,0,0,1,0
3082,36,10,78,95064,2,4.5,3,204,0,0,0,1,1
3083,39,13,40,92122,3,0.9,3,129,0,0,0,1,0
3084,40,16,78,90720,4,2.4,1,0,0,1,1,1,0
3085,26,0,129,90028,3,0.7,2,0,1,0,0,0,0
3086,55,29,71,91311,3,0.3,2,0,0,0,0,0,1
3087,61,35,23,94720,3,0.3,3,0,0,0,0,1,0
3088,57,33,15,94303,2,0.3,1,0,0,0,0,1,0
3089,56,31,28,94720,1,1.3,1,138,0,0,0,0,1
3090,31,5,23,94110,3,1,1,95,0,0,0,0,0
3091,61,31,19,91109,1,1.5,3,0,0,0,0,1,0
3092,58,32,42,95020,3,1.4,3,158,0,0,0,0,1
3093,43,18,113,90036,2,0.4,1,325,0,1,0,0,0
3094,29,5,34,90717,4,0.4,2,0,0,0,0,0,1
3095,50,23,19,90272,1,0.5,2,104,0,0,0,0,1
3096,49,25,43,94109,1,1.6,2,0,0,0,0,1,1
3097,43,18,179,94108,3,1.2,1,0,1,1,1,1,0
3098,58,32,44,92182,3,2.2,3,0,0,0,0,0,0
3099,41,16,21,92024,2,0.1,2,0,0,0,0,0,0
3100,65,40,115,92647,1,2.5,1,174,0,0,0,0,1
3101,52,27,81,90024,4,3.8,2,0,0,0,0,0,1
3102,55,31,91,93555,2,2.8,1,0,0,0,0,0,0
3103,49,25,30,90095,4,0.9,2,0,0,0,0,0,1
3104,52,22,55,92129,3,1.4,3,0,0,0,0,1,0
3105,56,31,48,91775,2,2.1,3,0,0,0,0,0,1
3106,30,4,23,94122,4,0.3,2,121,0,0,0,0,0
3107,36,10,21,92084,3,0.1,2,0,0,0,0,0,0
3108,41,17,55,92374,2,1.7,1,0,0,0,0,0,0
3109,42,15,21,95678,3,1,2,0,0,0,0,1,0
3110,60,34,40,93940,3,2.2,3,0,0,1,0,1,0
3111,44,20,30,95020,4,0.3,1,0,0,0,0,0,1
3112,34,9,78,90095,3,0.6,2,0,0,0,0,1,0
3113,56,32,65,92677,2,3.2,3,0,0,0,0,1,0
3114,31,5,50,91330,4,2.1,3,209,0,0,0,1,0
3115,29,4,55,90024,4,2,2,0,0,1,0,1,0
3116,31,5,111,94305,2,0.2,1,0,0,0,0,0,0
3117,36,10,21,92008,3,0.1,2,0,0,0,0,0,1
3118,42,16,65,92614,3,0.5,3,256,0,0,0,1,0
3119,64,39,114,90095,1,0.8,3,0,0,0,0,1,0
3120,61,36,54,91320,3,0.9,3,179,0,0,0,1,0
3121,35,11,75,94542,2,1.7,2,0,0,0,0,1,0
3122,28,2,13,91791,4,0.4,1,0,0,0,0,0,1
3123,38,14,54,90095,2,0.6,3,218,0,0,0,0,0
3124,44,17,22,94546,3,1,2,126,0,0,0,1,1
3125,45,20,198,95053,2,2.8,1,0,0,0,0,1,1
3126,46,20,18,92521,1,0.2,1,0,0,0,0,1,1
3127,57,32,74,92780,4,0.7,1,0,0,0,0,0,1
3128,40,14,61,94539,4,0.2,3,0,0,0,0,1,0
3129,38,12,64,94115,2,1.8,1,0,0,0,0,0,0
3130,39,14,10,92705,2,0.3,2,0,0,1,0,0,1
3131,23,-2,82,92152,2,1.8,2,0,0,1,0,0,1
3132,47,22,61,94025,3,2.7,2,168,0,0,0,1,1
3133,32,7,83,94302,2,2.5,1,148,0,1,0,1,0
3134,30,5,73,93711,3,2.6,3,0,0,0,0,1,0
3135,54,30,22,95060,2,0.4,1,89,0,0,0,1,0
3136,25,0,91,95039,2,1.8,2,321,0,0,0,0,0
3137,60,34,65,95354,3,2.2,3,94,0,1,1,0,1
3138,61,36,13,91711,3,0.5,1,0,0,0,0,1,0
3139,36,11,103,93555,1,4.6,1,255,0,0,0,1,0
3140,52,26,95,92130,1,0.3,1,0,0,0,0,1,0
3141,33,7,31,94303,4,1,1,0,0,0,0,1,1
3142,57,31,131,90405,3,0.6,1,0,1,0,0,1,0
3143,34,8,175,95051,4,1.1,3,0,1,1,1,1,1
3144,50,24,38,91105,4,0.1,1,0,0,0,0,1,0
3145,43,18,104,91711,3,1,1,0,0,0,0,1,0
3146,34,10,114,94305,3,3.3,3,0,1,0,0,0,0
3147,26,1,38,91910,4,1.7,2,0,0,0,0,1,0
3148,26,0,30,94024,4,1.3,3,0,0,0,0,1,1
3149,48,22,19,95616,2,0.1,3,106,0,0,0,0,0
3150,49,25,25,95192,4,1,1,0,0,0,0,1,1
3151,47,22,124,90027,4,5,3,0,1,0,0,0,0
3152,43,19,20,94110,3,0.5,1,0,0,0,0,0,0
3153,40,15,83,90275,1,1,3,0,0,0,0,0,0
3154,31,5,18,94111,4,0.3,2,0,0,0,0,0,1
3155,27,1,99,94305,1,3,3,149,1,0,0,0,1
3156,55,29,62,92626,3,0.3,2,0,0,0,0,1,0
3157,54,30,24,92647,1,0.1,2,0,0,0,0,0,0
3158,23,-1,13,94720,4,1,1,84,0,0,0,1,0
3159,54,28,64,90095,2,0.8,3,0,0,1,0,1,0
3160,57,33,62,92831,3,2.67,1,240,0,0,0,0,0
3161,41,15,158,94304,1,4.7,2,0,1,1,1,0,1
3162,28,4,88,94024,1,5.4,1,0,0,0,0,1,0
3163,33,7,28,94109,4,0.8,1,0,0,0,0,1,0
3164,51,27,52,94132,2,1,3,0,0,0,0,0,0
3165,28,4,82,95136,4,0,1,0,0,0,0,1,1
3166,63,37,140,91711,2,6.9,1,97,0,0,0,0,1
3167,29,4,80,90028,1,0.8,2,0,0,0,0,1,1
3168,62,38,58,94720,4,1.2,2,228,0,0,0,0,1
3169,51,25,180,94701,1,1.7,1,0,0,0,0,1,0
3170,52,28,55,94608,1,1.6,2,227,0,0,0,0,0
3171,43,16,65,94110,3,2.67,2,100,0,0,0,0,0
3172,39,12,62,91910,3,2.33,2,0,0,0,0,0,0
3173,35,9,23,95670,4,0.3,1,0,0,0,0,0,0
3174,34,10,35,94309,1,1.7,1,0,0,0,0,1,0
3175,49,24,35,94701,4,0.2,2,0,0,0,0,0,1
3176,43,18,74,92009,4,0.4,1,0,0,0,0,0,0
3177,48,24,14,91330,3,0.4,1,0,0,0,0,1,0
3178,30,4,83,91007,2,1.5,3,199,0,0,0,0,1
3179,46,21,71,95814,4,1.9,3,0,0,0,0,0,0
3180,43,17,53,90245,2,0.7,1,130,0,1,0,1,0
3181,27,3,103,92121,2,0.6,1,84,0,0,0,0,0
3182,39,15,109,95827,1,1.7,1,0,0,0,0,1,0
3183,58,33,60,94304,2,1.9,2,94,0,1,0,1,0
3184,44,17,12,94542,3,0.67,2,0,0,0,0,1,0
3185,39,15,141,92354,2,8,1,0,0,0,0,1,0
3186,35,10,128,92843,1,3.8,1,0,0,0,0,1,0
3187,41,16,98,95192,3,1,1,296,0,0,0,0,0
3188,43,18,41,94035,1,0.5,3,0,0,0,0,0,0
3189,55,25,90,90717,2,4.5,3,0,0,0,0,0,1
3190,32,6,31,92675,1,0.3,1,0,0,0,0,0,0
3191,56,26,74,91335,1,3,3,0,0,0,0,0,0
3192,30,5,83,93101,4,1.8,3,0,0,0,0,0,1
3193,65,39,35,94005,1,0.5,3,0,0,0,0,0,0
3194,31,7,140,95616,1,4,1,0,0,0,0,0,1
3195,41,15,65,90019,3,0.5,3,0,0,0,0,0,0
3196,55,29,35,90007,3,1.4,1,0,0,0,0,0,0
3197,37,7,73,94043,4,1.8,3,0,0,0,0,1,1
3198,34,10,29,93555,1,1.5,2,0,0,0,0,1,0
3199,34,9,55,92122,4,2,2,147,0,0,0,0,1
3200,33,9,20,95521,4,0.7,2,0,0,0,0,1,0
3201,48,23,70,92122,1,2.8,2,0,0,0,0,0,0
3202,28,3,81,92121,4,0.2,1,0,0,0,0,0,0
3203,30,4,25,92173,2,0.3,1,0,0,1,0,1,0
3204,44,20,119,92677,2,7.5,1,239,0,0,0,1,0
3205,61,35,49,90095,4,1.7,2,185,0,0,0,0,0
3206,59,33,38,92407,1,1.4,1,0,0,0,0,1,1
3207,33,7,80,91103,2,1.5,3,0,0,0,0,1,1
3208,56,32,84,93407,1,4.3,1,0,0,0,0,1,1
3209,53,29,61,95032,4,1.6,2,0,0,0,0,1,0
3210,42,16,173,91355,2,1.5,2,373,1,0,1,1,1
3211,43,19,60,94301,2,2.5,1,0,0,1,0,0,0
3212,35,9,83,90277,2,4.5,3,0,0,0,0,1,0
3213,61,35,59,92697,1,2.8,2,0,0,0,0,0,0
3214,39,9,32,90212,3,2,3,116,0,0,0,1,0
3215,61,37,33,91775,3,0.1,3,0,0,0,0,1,0
3216,40,15,19,90630,4,0.2,3,0,0,0,0,1,0
3217,34,8,14,95014,4,0.3,1,0,0,0,0,0,0
3218,65,39,94,93022,4,4.1,1,120,1,0,1,1,1
3219,40,16,154,94122,2,6.1,1,325,0,0,0,1,0
3220,39,15,33,92346,1,2,2,0,0,0,0,0,0
3221,61,35,28,93302,2,0.2,3,135,0,0,0,1,0
3222,40,16,44,93407,1,1.8,1,0,0,1,0,1,0
3223,49,23,81,93107,2,0.8,3,0,0,0,0,0,0
3224,43,18,29,95126,1,0.5,3,0,0,0,0,1,0
3225,45,21,58,94025,3,0.3,3,0,0,1,0,1,0
3226,52,28,38,95064,4,0.9,2,0,0,0,0,0,1
3227,32,8,82,93943,3,1.5,1,0,0,0,0,1,1
3228,31,7,18,94720,1,0.4,3,0,0,0,0,1,0
3229,27,2,45,94305,2,1.7,2,0,0,0,0,0,1
3230,33,9,64,92507,4,3.4,1,0,0,0,0,0,0
3231,65,40,48,94708,3,2.4,1,0,0,0,0,0,1
3232,62,37,24,90717,1,0.3,3,0,0,1,0,1,0
3233,55,25,65,92093,4,2,3,0,0,0,0,1,0
3234,46,20,111,95037,1,0,1,329,0,0,0,0,0
3235,37,12,114,91107,3,0.6,2,0,0,0,0,1,0
3236,60,35,39,91711,2,1.6,3,0,0,0,0,1,0
3237,44,14,19,94112,1,0.75,3,0,0,0,0,0,1
3238,35,9,22,94085,3,0.1,2,0,0,0,1,1,1
3239,52,28,49,94928,4,1.1,2,0,0,0,0,1,0
3240,30,4,40,90095,1,0.3,1,0,0,0,0,1,0
3241,62,36,63,93407,1,1.6,1,118,0,0,0,1,0
3242,41,15,55,94305,1,2.8,1,0,0,0,0,0,0
3243,38,14,33,92096,1,2,2,0,0,0,0,1,0
3244,52,26,31,92054,4,1.5,3,0,0,0,0,1,0
3245,48,24,24,92624,4,0.2,1,0,0,0,0,1,0
3246,47,22,81,90009,4,3.6,3,0,0,0,0,1,1
3247,41,17,81,95422,1,0.8,2,223,0,0,0,1,0
3248,44,20,113,95032,2,3.3,1,0,0,0,0,1,1
3249,31,6,92,92037,2,3.3,1,0,0,0,0,0,0
3250,50,25,81,92806,1,1.2,1,0,0,0,0,0,0
3251,36,11,101,90212,3,1.2,3,0,0,1,0,0,1
3252,52,26,78,90720,3,3,2,0,0,0,0,0,1
3253,62,38,78,92521,2,0,3,0,0,0,0,1,0
3254,55,30,35,94025,1,1.5,2,118,0,0,0,0,1
3255,61,37,9,93907,2,0.3,3,0,0,0,0,1,0
3256,34,7,82,95741,4,2,2,0,0,0,0,1,1
3257,34,9,41,94305,1,2.5,3,0,0,0,0,0,0
3258,59,35,84,92407,1,1.8,3,0,0,0,0,1,0
3259,41,17,42,91910,4,2.2,2,185,0,1,0,1,0
3260,33,8,54,92251,3,2.3,1,0,0,0,0,0,1
3261,55,30,84,95821,2,0,3,0,0,0,0,0,0
3262,64,40,131,91103,1,3.8,1,0,0,0,0,0,0
3263,44,19,85,90024,2,3.8,3,0,0,0,0,1,0
3264,32,8,84,92093,4,3.4,1,0,0,0,0,1,0
3265,67,41,114,95616,4,2.4,3,0,0,0,0,1,0
3266,40,14,61,94612,3,0.5,3,0,0,0,0,1,0
3267,57,31,39,92821,1,2.2,3,0,0,0,0,1,1
3268,59,35,21,95818,2,1,1,120,0,0,0,1,0
3269,43,17,111,91423,4,5.4,3,0,1,0,0,1,0
3270,58,34,68,94305,2,2.8,1,113,0,0,0,0,0
3271,50,23,179,94609,4,3.6,2,0,1,0,0,1,0
3272,52,27,93,90291,4,4.1,2,0,1,0,0,0,1
3273,35,9,85,92121,2,1.8,1,0,0,0,0,0,0
3274,40,15,180,90095,1,4.1,1,0,0,0,0,0,0
3275,31,5,110,92123,2,1.5,3,0,0,0,0,1,0
3276,32,8,65,95134,1,1.2,1,268,0,0,0,1,0
3277,55,31,159,92123,1,3.9,3,0,1,0,0,0,0
3278,43,19,81,92121,2,3.2,1,0,0,0,0,1,0
3279,31,6,132,94571,1,3.8,1,0,0,0,0,1,0
3280,26,-1,44,94901,1,2,2,0,0,0,0,0,0
3281,58,33,98,90277,1,2.6,1,0,0,0,0,0,0
3282,51,25,62,95014,2,1.5,2,0,0,0,0,1,1
3283,45,21,91,95054,1,4.7,1,0,0,0,0,1,0
3284,56,30,29,92152,4,0.7,2,87,0,0,0,1,0
3285,25,-1,101,95819,4,2.1,3,0,0,0,0,0,1
3286,38,13,65,91706,3,0.7,2,0,0,0,0,1,0
3287,62,36,58,95020,1,2.8,2,0,0,0,0,0,1
3288,39,13,32,90747,2,0.8,3,0,0,0,0,1,0
3289,56,30,140,94122,4,0.5,1,292,1,0,0,0,0
3290,50,25,44,94303,1,0.3,1,187,0,0,0,1,1
3291,52,27,113,92038,1,0.1,3,0,0,0,0,0,0
3292,53,28,38,94998,1,1.3,2,0,0,0,0,1,0
3293,25,-1,13,95616,4,0.4,1,0,0,1,0,0,0
3294,44,20,62,94939,2,2.5,1,0,0,1,0,1,0
3295,42,12,29,93611,3,2,3,0,0,0,0,0,0
3296,42,16,141,94960,3,4,2,0,1,0,0,0,0
4904,40,15,18,94534,2,0.1,2,119,0,0,0,1,1
4905,64,40,88,94305,1,3.8,1,243,0,0,0,1,1
4906,62,37,19,93109,3,0.5,1,89,0,0,0,0,0
4907,54,28,49,94608,1,2.2,3,128,0,0,0,0,0
4908,34,9,101,94080,3,0.6,2,0,0,0,0,0,0
4909,40,16,138,92121,2,6.1,1,0,0,0,0,1,0
4910,41,16,25,95014,2,0.1,2,0,0,0,0,0,1
4911,48,22,120,90291,1,0,1,0,0,0,0,1,0
4912,46,22,153,94539,2,7.5,1,0,0,0,0,0,0
4913,51,26,28,94061,1,1.3,2,94,0,1,0,1,0
4914,30,4,110,93943,1,2.9,3,0,0,0,0,1,0
4915,65,39,94,92374,1,2,1,0,0,0,0,0,1
4916,49,24,48,93117,1,1.3,2,0,0,0,0,0,1
4917,29,5,123,90291,2,0.6,1,0,0,0,0,1,0
4918,36,10,33,95616,4,1.2,2,82,0,1,0,1,0
4919,50,25,42,90232,2,0.7,2,110,0,0,0,0,1
4920,41,16,68,92122,3,3,1,0,0,0,0,1,1
4921,42,16,28,94002,4,1.5,3,91,0,0,0,1,1
4922,37,11,42,95814,3,0.5,3,0,0,0,0,1,1
4923,31,5,28,90717,1,0.3,1,0,0,0,0,1,1
4924,40,15,73,92029,3,3,1,0,0,0,0,1,1
4925,36,12,89,91304,2,2.7,1,0,0,0,0,0,0
4926,64,39,82,94025,4,3.4,2,0,0,0,0,1,0
4927,37,13,83,92220,2,1.7,2,0,0,0,0,0,1
4928,43,19,121,94720,1,0.7,2,0,1,0,1,1,1
4929,57,33,28,90245,1,1.2,3,98,0,0,0,1,0
4930,62,36,39,92028,2,0.3,1,0,0,0,0,1,0
4931,63,38,110,90095,3,1.8,2,109,0,0,0,1,0
4932,57,27,55,95616,1,1.4,3,0,0,0,0,1,0
4933,59,35,111,91107,1,4.3,1,0,0,0,0,1,0
4934,47,23,94,92029,1,4.7,1,0,0,0,0,1,1
4935,26,0,85,93950,2,1.6,3,0,0,0,0,1,1
4936,59,33,81,94022,2,1.4,1,0,0,0,0,1,0
4937,45,20,94,92009,3,0.5,3,0,0,0,0,0,0
4938,33,8,162,94960,1,8.6,1,0,0,0,1,1,1
4939,61,35,80,95973,4,1.7,3,0,0,0,0,1,0
4940,54,29,70,92093,3,2,2,116,0,0,0,1,1
4941,46,22,19,92870,3,0.5,1,0,0,0,0,1,0
4942,28,4,112,90049,2,1.6,2,0,1,0,0,1,0
4943,52,26,109,94710,1,2.4,1,308,0,0,1,1,1
4944,26,0,12,96003,1,0.1,2,0,0,0,0,1,0
4945,49,24,33,92093,3,1.7,2,0,0,0,0,1,0
4946,42,18,49,95351,2,1.7,1,106,0,0,0,0,1
4947,51,26,42,93118,1,1.3,2,0,0,0,0,1,0
4948,39,13,41,95064,2,0.3,1,108,0,0,0,1,1
4949,44,20,43,95032,1,0.7,1,0,0,0,0,0,1
4950,29,5,64,94114,4,0,1,249,0,0,0,0,1
4951,47,23,19,90089,1,1,1,0,0,0,0,0,1
4952,53,27,65,92124,1,2.2,3,0,0,0,0,1,1
4953,29,3,53,94005,4,1.8,3,0,0,0,0,1,0
4954,47,21,32,95051,3,1.5,1,75,0,0,0,1,0
4955,45,19,22,94904,3,1.5,1,0,0,0,0,1,1
4956,63,37,39,91207,2,0.7,3,0,0,0,0,1,1
4957,39,13,59,94109,4,0.2,3,0,0,1,0,0,1
4958,29,-1,50,95842,2,1.75,3,0,0,0,0,0,1
4959,50,26,19,90095,1,0.9,3,0,0,0,0,0,0
4960,51,27,55,93014,1,1.6,2,197,0,1,0,1,0
4961,58,28,81,91604,1,3,3,0,0,0,0,1,0
4962,39,14,108,91401,3,1.2,3,0,0,0,0,1,1
4963,46,20,122,90065,3,3,3,0,1,0,1,1,1
4964,32,6,98,95054,2,4.5,3,306,0,0,0,0,0
4965,53,27,110,90245,1,4.9,1,0,0,0,0,1,0
4966,29,5,33,94709,1,1.8,2,78,0,0,0,1,0
4967,41,17,34,91361,1,0.7,1,143,0,0,0,0,0
4968,41,16,69,92697,1,0.1,2,0,0,0,0,1,0
4969,58,32,41,93022,4,2.5,1,0,0,0,0,1,1
4970,45,19,60,94143,2,0.4,3,250,0,0,0,1,0
4971,37,13,95,95821,2,1.7,2,0,0,0,0,0,1
4972,58,28,73,90024,1,1.4,3,0,0,1,0,0,0
4973,58,32,41,93401,3,2.2,3,148,0,0,0,1,1
4974,31,1,68,95045,4,4,3,0,0,0,0,1,0
4975,59,33,64,92867,4,1.7,2,0,0,0,0,0,1
4976,38,11,29,95207,4,1,2,0,0,0,0,1,0
4977,29,5,31,95039,1,1.8,2,0,0,0,0,1,1
4978,40,15,54,90266,3,0.8,3,0,0,0,0,1,0
4979,57,27,63,90210,4,2,3,0,0,0,0,1,0
4980,50,26,92,90740,1,2.6,2,213,0,0,0,0,1
4981,29,5,135,95762,3,5.3,1,0,1,0,1,1,1
4982,34,9,195,90266,2,3,1,122,0,0,0,1,0
4983,36,10,45,95126,4,0.2,1,0,0,0,0,0,1
4984,51,26,72,95370,1,2.9,1,0,0,0,0,0,0
4985,27,1,98,94043,4,2.3,3,0,0,0,0,0,1
4986,48,23,30,94720,3,1.7,2,162,0,0,0,1,0
4987,32,6,78,95825,1,2.9,3,0,0,0,0,0,0
4988,48,23,43,93943,3,1.7,2,159,0,0,0,1,0
4989,34,8,85,95134,1,2.5,1,136,0,0,0,0,1
4990,24,0,38,93555,1,1,3,0,0,0,0,1,0
4991,55,25,58,95023,4,2,3,219,0,0,0,0,1
4992,51,25,92,91330,1,1.9,2,100,0,0,0,0,1
4993,30,5,13,90037,4,0.5,3,0,0,0,0,0,0
4994,45,21,218,91801,2,6.67,1,0,0,0,0,1,0
4995,64,40,75,94588,3,2,3,0,0,0,0,1,0
4996,29,3,40,92697,1,1.9,3,0,0,0,0,1,0
4997,30,4,15,92037,4,0.4,1,85,0,0,0,1,0
4998,63,39,24,93023,2,0.3,3,0,0,0,0,0,0
4999,65,40,49,90034,3,0.5,2,0,0,0,0,1,0
5000,28,4,83,92612,3,0.8,1,0,0,0,0,1,1
